{
  "overall_coverage": 80.70588235294117,
  "total_lines": 425,
  "covered_lines": 343,
  "missing_lines": 82,
  "files_below_80_percent": [
    {
      "file": "src\\state\\state_manager.py",
      "coverage": 46.93877551020408,
      "missing_lines": 52,
      "missing_line_numbers": [
        65,
        66,
        78,
        79,
        80,
        84,
        85,
        101,
        102,
        103,
        104,
        106,
        107,
        109,
        110,
        126,
        127,
        131,
        135,
        139,
        143,
        144,
        158,
        159,
        160,
        171,
        172,
        173,
        185,
        186,
        187,
        188,
        189,
        193,
        194,
        195,
        196,
        200,
        201,
        202,
        203,
        204,
        208,
        209,
        213,
        214,
        227,
        228,
        229,
        230,
        231,
        232
      ]
    },
    {
      "file": "src\\rules\\base_rule.py",
      "coverage": 72.72727272727273,
      "missing_lines": 6,
      "missing_line_numbers": [
        35,
        49,
        62,
        72,
        84,
        97
      ]
    }
  ],
  "completely_uncovered_files": [],
  "recommendation": "Good coverage. Improve 2 files below 80%."
}